{
  "accuracy": 0.951856946354883,
  "macro_f1": 0.9510123524945403,
  "ece": 0.02314726449549198
}