{
  "train_loss": [
    2.07771885208165,
    1.3081406851784754,
    1.0436413862087108,
    0.8513143588556114,
    0.7309207883788491,
    0.6685088039168698,
    0.6839056925845571,
    0.47241259236768396,
    0.4078287798214164,
    0.3541660807820925,
    0.31828947720657536,
    0.2995400366983109,
    0.2790135744854723,
    0.263640880108744,
    0.25553709891422716,
    0.24924140972365078,
    0.24361810683269677,
    0.2397321819464833,
    0.23947320211267742,
    0.238485486360711
  ],
  "val_loss": [
    1.5030567340487901,
    0.9947465434636287,
    0.8399458775439431,
    0.6555781231895055,
    0.6219484864544945,
    0.5933789663334497,
    0.5686372703010475,
    0.49151446872870347,
    0.44655521336305803,
    0.41865701207541806,
    0.42408861066157094,
    0.39631252715698023,
    0.39199724906849676,
    0.38080285458814,
    0.38153460401835,
    0.3633064749261645,
    0.36396866650113485,
    0.35819761466673894,
    0.3579921152054963,
    0.35933752521250784
  ],
  "train_accuracy": [
    0.5076425631981187,
    0.7067411326670586,
    0.7425044091710759,
    0.7892416225749559,
    0.8341171859690378,
    0.8567509308250049,
    0.8429355281207133,
    0.9190672153635117,
    0.9426807760141094,
    0.9630609445424261,
    0.9713893787967862,
    0.9786400156770527,
    0.9854007446600039,
    0.9895159709974525,
    0.9917695473251029,
    0.9934352341759749,
    0.9948069762884578,
    0.9963746815598667,
    0.9957867920830884,
    0.9961787184009406
  ],
  "val_accuracy": [
    0.7281063732232921,
    0.7909215955983494,
    0.811554332874828,
    0.8583218707015131,
    0.8771205868867492,
    0.8876662081613939,
    0.886290692342962,
    0.9110499770747363,
    0.926639156350298,
    0.9371847776249427,
    0.9344337459880788,
    0.9417698303530491,
    0.9458963778083448,
    0.9449793672627235,
    0.9454378725355341,
    0.951856946354883,
    0.9527739569005044,
    0.9546079779917469,
    0.9550664832645576,
    0.953232462173315
  ],
  "train_macro_f1": [
    0.4606434527655786,
    0.6869150781490365,
    0.7363691802271848,
    0.7895385849787999,
    0.8335970199481062,
    0.8553232368728007,
    0.8420329671593767,
    0.9190059065322913,
    0.9423625430480573,
    0.9631865364953847,
    0.972073018359821,
    0.9790959091783834,
    0.9850645114973617,
    0.9895715150382558,
    0.991725575521577,
    0.9939065908229321,
    0.9952690561370507,
    0.9965845159999587,
    0.9958433034535188,
    0.9958767133340853
  ],
  "val_macro_f1": [
    0.6889070474468921,
    0.7901993065492907,
    0.8132318530621512,
    0.85832666830098,
    0.8788120185886041,
    0.8884687622844106,
    0.884259218013538,
    0.9130151427271294,
    0.9253207930857721,
    0.9382384888896972,
    0.9325808828953088,
    0.942393680804357,
    0.9461846578761911,
    0.9424116970510413,
    0.9437800710919093,
    0.950595048988393,
    0.9519031537250067,
    0.9540383396592931,
    0.9539674452970722,
    0.9522865223303321
  ],
  "train_ece": [
    0.32958829402923584,
    0.2926529049873352,
    0.18128538131713867,
    0.0846816673874855,
    0.07001114636659622,
    0.07203603535890579,
    0.02454937808215618,
    0.04617644101381302,
    0.04804004728794098,
    0.05068648234009743,
    0.044845156371593475,
    0.04567718505859375,
    0.04328221082687378,
    0.0411723293364048,
    0.041187647730112076,
    0.039797864854335785,
    0.038731686770915985,
    0.038281187415122986,
    0.03771553933620453,
    0.038460757583379745
  ],
  "val_ece": [
    0.4280886650085449,
    0.24555476009845734,
    0.15624640882015228,
    0.05533019080758095,
    0.058538228273391724,
    0.049644894897937775,
    0.02147456631064415,
    0.02632051333785057,
    0.03953159227967262,
    0.026207566261291504,
    0.031071405857801437,
    0.028874874114990234,
    0.0226905457675457,
    0.024024851620197296,
    0.0259220190346241,
    0.02488430216908455,
    0.028350474312901497,
    0.027047013863921165,
    0.03272712975740433,
    0.03275532275438309
  ]
}